{"cameraMode":{"drawMode":0,"name":"Shaded","section":"Shading Mode"},"sceneLighting":false,"audioPlay":false,"sceneViewState":{"m_AlwaysRefresh":false,"showFog":true,"showSkybox":false,"showFlares":true,"showImageEffects":true,"showParticleSystems":true,"showVisualEffectGraphs":true,"m_FxEnabled":true},"in2DMode":false,"pivot":{"x":-0.00583652826026082,"y":0.00399533286690712,"z":0.03283555805683136},"rotation":{"x":-0.27655524015426638,"y":-0.003750753356143832,"z":0.0010793450055643917,"w":-0.9609922766685486},"size":0.014682820998132229,"orthographic":false}