{"cameraMode":{"drawMode":0,"name":"Shaded","section":"Shading Mode"},"sceneLighting":false,"audioPlay":false,"sceneViewState":{"m_AlwaysRefresh":false,"showFog":true,"showSkybox":false,"showFlares":true,"showImageEffects":true,"showParticleSystems":true,"showVisualEffectGraphs":true,"m_FxEnabled":true},"in2DMode":false,"pivot":{"x":-2.227557897567749,"y":1.617006778717041,"z":34.300777435302737},"rotation":{"x":-0.18894487619400025,"y":0.03504571318626404,"z":-0.006747381761670113,"w":-0.9813426733016968},"size":15.063902854919434,"orthographic":false}