{"cameraMode":{"drawMode":0,"name":"Shaded","section":"Shading Mode"},"sceneLighting":false,"audioPlay":false,"sceneViewState":{"m_AlwaysRefresh":false,"showFog":true,"showSkybox":false,"showFlares":true,"showImageEffects":true,"showParticleSystems":true,"showVisualEffectGraphs":true,"m_FxEnabled":true},"in2DMode":false,"pivot":{"x":0.12591886520385743,"y":1.0578365325927735,"z":11.230921745300293},"rotation":{"x":-0.29357874393463137,"y":0.09244366735219956,"z":-0.028537731617689134,"w":-0.9510489106178284},"size":15.155501365661621,"orthographic":false}