{"cameraMode":{"drawMode":0,"name":"Shaded","section":"Shading Mode"},"sceneLighting":false,"audioPlay":false,"sceneViewState":{"m_AlwaysRefresh":false,"showFog":true,"showSkybox":false,"showFlares":true,"showImageEffects":true,"showParticleSystems":true,"showVisualEffectGraphs":true,"m_FxEnabled":true},"in2DMode":false,"pivot":{"x":1.3739999532699586,"y":1.7000000476837159,"z":31.299999237060548},"rotation":{"x":-0.29352259635925295,"y":0.5593759417533875,"z":-0.22096757590770722,"w":-0.7430512309074402},"size":0.4458102583885193,"orthographic":false}