{"cameraMode":{"drawMode":0,"name":"Shaded","section":"Shading Mode"},"sceneLighting":false,"audioPlay":false,"sceneViewState":{"m_AlwaysRefresh":false,"showFog":true,"showSkybox":false,"showFlares":true,"showImageEffects":true,"showParticleSystems":true,"showVisualEffectGraphs":true,"m_FxEnabled":true},"in2DMode":false,"pivot":{"x":0.009971857070922852,"y":0.8210514783859253,"z":12.111839294433594},"rotation":{"x":-0.29357874393463137,"y":0.09244366735219956,"z":-0.028537731617689134,"w":-0.9510489106178284},"size":13.787896156311036,"orthographic":false}